Source,Destination,Weight Function,Path Length,Total Fee,Total Hop Cost,Path
02d3db7c13440cf6b4d636208acceb0d07c60e4e14aacd2aa87c0e91ee827422e3,03c5dcc69d72fcf13d47ed89b3723d3d142851d437f54412c6b72e4d05a0bf54b3,LND,3,3.940000,120.000000,02d3db7c13440cf6b4d636208acceb0d07c60e4e14aacd2aa87c0e91ee827422e3 -> 03f1938c498677e52e0e12e86e9a41089c20d7ced24f2b177b84cc40025af1bf78 -> 0242a4ae0c5bef18048fbecf995094b74bfb0f7391418d71ed394784373f41e4f3 -> 03c5dcc69d72fcf13d47ed89b3723d3d142851d437f54412c6b72e4d05a0bf54b3
02d3db7c13440cf6b4d636208acceb0d07c60e4e14aacd2aa87c0e91ee827422e3,03c5dcc69d72fcf13d47ed89b3723d3d142851d437f54412c6b72e4d05a0bf54b3,Eclair,3,3.940000,120.000000,02d3db7c13440cf6b4d636208acceb0d07c60e4e14aacd2aa87c0e91ee827422e3 -> 03f1938c498677e52e0e12e86e9a41089c20d7ced24f2b177b84cc40025af1bf78 -> 0242a4ae0c5bef18048fbecf995094b74bfb0f7391418d71ed394784373f41e4f3 -> 03c5dcc69d72fcf13d47ed89b3723d3d142851d437f54412c6b72e4d05a0bf54b3
02d3db7c13440cf6b4d636208acceb0d07c60e4e14aacd2aa87c0e91ee827422e3,03c5dcc69d72fcf13d47ed89b3723d3d142851d437f54412c6b72e4d05a0bf54b3,Combined,3,3.940000,120.000000,02d3db7c13440cf6b4d636208acceb0d07c60e4e14aacd2aa87c0e91ee827422e3 -> 03f1938c498677e52e0e12e86e9a41089c20d7ced24f2b177b84cc40025af1bf78 -> 0242a4ae0c5bef18048fbecf995094b74bfb0f7391418d71ed394784373f41e4f3 -> 03c5dcc69d72fcf13d47ed89b3723d3d142851d437f54412c6b72e4d05a0bf54b3
02cac066b51bddffcf1e350a3130a7e060ec3ca958be605f98890c2899367e7f90,038a8260dced21ab6e6348b8b980df5bf06778357cc83355fe1be1e32d46dfaf3a,LND,8,25.692477,282.000000,02cac066b51bddffcf1e350a3130a7e060ec3ca958be605f98890c2899367e7f90 -> 02398b614028892474fc95ed64c48791f994975042d0bd7e9592d0ec4128bbace4 -> 020c92d71dfe47d49d322eed910064787973dff96c05a39d75a75d7e8f33aead4c -> 0326f1d06748f019ecd98484eb23ba7367b1361e0ee6e38234d73afcc976dfdb3d -> 0286f3de56f3cd0d47698e92a6cc05c7507cd25c5c0617e444cb569e27c2275d49 -> 0242a4ae0c5bef18048fbecf995094b74bfb0f7391418d71ed394784373f41e4f3 -> 03701cb94ca283c1cf42e2f16fb5005cacc358ac99f1d127412104dc0ea2d3e2fe -> 0217890e3aad8d35bc054f43acc00084b25229ecff0ab68debd82883ad65ee8266 -> 038a8260dced21ab6e6348b8b980df5bf06778357cc83355fe1be1e32d46dfaf3a
02cac066b51bddffcf1e350a3130a7e060ec3ca958be605f98890c2899367e7f90,038a8260dced21ab6e6348b8b980df5bf06778357cc83355fe1be1e32d46dfaf3a,Eclair,8,25.692477,282.000000,02cac066b51bddffcf1e350a3130a7e060ec3ca958be605f98890c2899367e7f90 -> 02398b614028892474fc95ed64c48791f994975042d0bd7e9592d0ec4128bbace4 -> 020c92d71dfe47d49d322eed910064787973dff96c05a39d75a75d7e8f33aead4c -> 0326f1d06748f019ecd98484eb23ba7367b1361e0ee6e38234d73afcc976dfdb3d -> 0286f3de56f3cd0d47698e92a6cc05c7507cd25c5c0617e444cb569e27c2275d49 -> 0242a4ae0c5bef18048fbecf995094b74bfb0f7391418d71ed394784373f41e4f3 -> 03701cb94ca283c1cf42e2f16fb5005cacc358ac99f1d127412104dc0ea2d3e2fe -> 0217890e3aad8d35bc054f43acc00084b25229ecff0ab68debd82883ad65ee8266 -> 038a8260dced21ab6e6348b8b980df5bf06778357cc83355fe1be1e32d46dfaf3a
02cac066b51bddffcf1e350a3130a7e060ec3ca958be605f98890c2899367e7f90,038a8260dced21ab6e6348b8b980df5bf06778357cc83355fe1be1e32d46dfaf3a,Combined,8,25.692477,282.000000,02cac066b51bddffcf1e350a3130a7e060ec3ca958be605f98890c2899367e7f90 -> 02398b614028892474fc95ed64c48791f994975042d0bd7e9592d0ec4128bbace4 -> 020c92d71dfe47d49d322eed910064787973dff96c05a39d75a75d7e8f33aead4c -> 0326f1d06748f019ecd98484eb23ba7367b1361e0ee6e38234d73afcc976dfdb3d -> 0286f3de56f3cd0d47698e92a6cc05c7507cd25c5c0617e444cb569e27c2275d49 -> 0242a4ae0c5bef18048fbecf995094b74bfb0f7391418d71ed394784373f41e4f3 -> 03701cb94ca283c1cf42e2f16fb5005cacc358ac99f1d127412104dc0ea2d3e2fe -> 0217890e3aad8d35bc054f43acc00084b25229ecff0ab68debd82883ad65ee8266 -> 038a8260dced21ab6e6348b8b980df5bf06778357cc83355fe1be1e32d46dfaf3a
039bfb86d250078916dfc425c9d286773dfe3dbb8e2c9fcf08de8b6e76c0003b4a,03f9aa8c25406274ebbe494800718e80fb2a782218e6670cc0eea539d974a01431,LND,6,65.898737,240.000000,039bfb86d250078916dfc425c9d286773dfe3dbb8e2c9fcf08de8b6e76c0003b4a -> 03c8dfbf829eaeb0b6dab099d87fdf7f8faceb0c1b935cd243e8c1fb5af71361cf -> 0278fd09993d66638de9bd14caed5c3ac5fae9cf7e1f00ba4e925ff94acbd19411 -> 0242a4ae0c5bef18048fbecf995094b74bfb0f7391418d71ed394784373f41e4f3 -> 02c1d0d19807a6f516138aac99ba040021f6670fea523e4cca396d2bc68c387923 -> 02004c625d622245606a1ea2c1c69cfb4516b703b47945a3647713c05fe4aaeb1c -> 03f9aa8c25406274ebbe494800718e80fb2a782218e6670cc0eea539d974a01431
039bfb86d250078916dfc425c9d286773dfe3dbb8e2c9fcf08de8b6e76c0003b4a,03f9aa8c25406274ebbe494800718e80fb2a782218e6670cc0eea539d974a01431,Eclair,6,66.078737,234.000000,039bfb86d250078916dfc425c9d286773dfe3dbb8e2c9fcf08de8b6e76c0003b4a -> 03c8dfbf829eaeb0b6dab099d87fdf7f8faceb0c1b935cd243e8c1fb5af71361cf -> 0379972fb4965f1c511269f30ffd1fc91731e1c3e8977ee5bba44b1ee9338fc69e -> 02a60e11bf0016cebbfc725386e12c4122fdc12aca8711e32bf6d568ed790d3e5b -> 0252509109f8dd6bb1c253e9629a6d33c98c2d057db48ba7182ba595d356fe833e -> 02004c625d622245606a1ea2c1c69cfb4516b703b47945a3647713c05fe4aaeb1c -> 03f9aa8c25406274ebbe494800718e80fb2a782218e6670cc0eea539d974a01431
039bfb86d250078916dfc425c9d286773dfe3dbb8e2c9fcf08de8b6e76c0003b4a,03f9aa8c25406274ebbe494800718e80fb2a782218e6670cc0eea539d974a01431,Combined,6,66.078737,234.000000,039bfb86d250078916dfc425c9d286773dfe3dbb8e2c9fcf08de8b6e76c0003b4a -> 03c8dfbf829eaeb0b6dab099d87fdf7f8faceb0c1b935cd243e8c1fb5af71361cf -> 0379972fb4965f1c511269f30ffd1fc91731e1c3e8977ee5bba44b1ee9338fc69e -> 02a60e11bf0016cebbfc725386e12c4122fdc12aca8711e32bf6d568ed790d3e5b -> 0252509109f8dd6bb1c253e9629a6d33c98c2d057db48ba7182ba595d356fe833e -> 02004c625d622245606a1ea2c1c69cfb4516b703b47945a3647713c05fe4aaeb1c -> 03f9aa8c25406274ebbe494800718e80fb2a782218e6670cc0eea539d974a01431
026da76b66644c36c15f38dc7cba6323d35a0bb5fdfb9ad2af17bf2d9d60a6cef5,02b77b978f7f287a91d341351fbfe580f6c48577dc2d74c0a202299be7d794dbb9,LND,5,5.195000,200.000000,026da76b66644c36c15f38dc7cba6323d35a0bb5fdfb9ad2af17bf2d9d60a6cef5 -> 026db2cbf3d8ab4a4c01eed2df432d20cf0a13136402097574209d2595cb9e9d93 -> 03640b3403b120a5fb94e175d3942256522268f1059952f1a1969614905e2dc169 -> 0242a4ae0c5bef18048fbecf995094b74bfb0f7391418d71ed394784373f41e4f3 -> 02e6a782a737cad13b015e6604789c8f951e1e6d9a4827810d3e900f008c8aaba1 -> 02b77b978f7f287a91d341351fbfe580f6c48577dc2d74c0a202299be7d794dbb9
026da76b66644c36c15f38dc7cba6323d35a0bb5fdfb9ad2af17bf2d9d60a6cef5,02b77b978f7f287a91d341351fbfe580f6c48577dc2d74c0a202299be7d794dbb9,Eclair,5,5.195000,200.000000,026da76b66644c36c15f38dc7cba6323d35a0bb5fdfb9ad2af17bf2d9d60a6cef5 -> 026db2cbf3d8ab4a4c01eed2df432d20cf0a13136402097574209d2595cb9e9d93 -> 03640b3403b120a5fb94e175d3942256522268f1059952f1a1969614905e2dc169 -> 0242a4ae0c5bef18048fbecf995094b74bfb0f7391418d71ed394784373f41e4f3 -> 02e6a782a737cad13b015e6604789c8f951e1e6d9a4827810d3e900f008c8aaba1 -> 02b77b978f7f287a91d341351fbfe580f6c48577dc2d74c0a202299be7d794dbb9
026da76b66644c36c15f38dc7cba6323d35a0bb5fdfb9ad2af17bf2d9d60a6cef5,02b77b978f7f287a91d341351fbfe580f6c48577dc2d74c0a202299be7d794dbb9,Combined,5,5.195000,200.000000,026da76b66644c36c15f38dc7cba6323d35a0bb5fdfb9ad2af17bf2d9d60a6cef5 -> 026db2cbf3d8ab4a4c01eed2df432d20cf0a13136402097574209d2595cb9e9d93 -> 03640b3403b120a5fb94e175d3942256522268f1059952f1a1969614905e2dc169 -> 0242a4ae0c5bef18048fbecf995094b74bfb0f7391418d71ed394784373f41e4f3 -> 02e6a782a737cad13b015e6604789c8f951e1e6d9a4827810d3e900f008c8aaba1 -> 02b77b978f7f287a91d341351fbfe580f6c48577dc2d74c0a202299be7d794dbb9
0307336cf860655c616f45a1912d3b9127e51e3d0c4293992ad5bc2bfa4f55978c,027c5166b40423795c0fc41fc18c944dd95e070582f514450215ed1dc1d98c0afd,LND,8,49.321089,314.000000,0307336cf860655c616f45a1912d3b9127e51e3d0c4293992ad5bc2bfa4f55978c -> 03fce165537aea120bffe8505876b44d5119354f825b3eac329b761fc5636bf334 -> 0224b693025530ae2b0897f7b26509fc3f03c8301dd0fc7682cad2a2b7e2b98815 -> 0242a4ae0c5bef18048fbecf995094b74bfb0f7391418d71ed394784373f41e4f3 -> 02edbab1f30224e4ccc4d70eae7dc5c06e742c1e0d79a375125ef9200592932ba7 -> 039edc94987c8f3adc28dab455efc00dea876089a120f573bd0b03c40d9d3fb1e1 -> 03627ebe50fc6eb80b0caab0c3714958c701eda735e3c29588e83150d6d4a93976 -> 024465103d65bf86c5799b7178ef55d6f189b8d13f3c4cfb6a7a96ef2ee46b8427 -> 027c5166b40423795c0fc41fc18c944dd95e070582f514450215ed1dc1d98c0afd
0307336cf860655c616f45a1912d3b9127e51e3d0c4293992ad5bc2bfa4f55978c,027c5166b40423795c0fc41fc18c944dd95e070582f514450215ed1dc1d98c0afd,Eclair,8,49.321089,314.000000,0307336cf860655c616f45a1912d3b9127e51e3d0c4293992ad5bc2bfa4f55978c -> 03fce165537aea120bffe8505876b44d5119354f825b3eac329b761fc5636bf334 -> 0224b693025530ae2b0897f7b26509fc3f03c8301dd0fc7682cad2a2b7e2b98815 -> 0242a4ae0c5bef18048fbecf995094b74bfb0f7391418d71ed394784373f41e4f3 -> 02edbab1f30224e4ccc4d70eae7dc5c06e742c1e0d79a375125ef9200592932ba7 -> 039edc94987c8f3adc28dab455efc00dea876089a120f573bd0b03c40d9d3fb1e1 -> 03627ebe50fc6eb80b0caab0c3714958c701eda735e3c29588e83150d6d4a93976 -> 024465103d65bf86c5799b7178ef55d6f189b8d13f3c4cfb6a7a96ef2ee46b8427 -> 027c5166b40423795c0fc41fc18c944dd95e070582f514450215ed1dc1d98c0afd
0307336cf860655c616f45a1912d3b9127e51e3d0c4293992ad5bc2bfa4f55978c,027c5166b40423795c0fc41fc18c944dd95e070582f514450215ed1dc1d98c0afd,Combined,8,49.321089,314.000000,0307336cf860655c616f45a1912d3b9127e51e3d0c4293992ad5bc2bfa4f55978c -> 03fce165537aea120bffe8505876b44d5119354f825b3eac329b761fc5636bf334 -> 0224b693025530ae2b0897f7b26509fc3f03c8301dd0fc7682cad2a2b7e2b98815 -> 0242a4ae0c5bef18048fbecf995094b74bfb0f7391418d71ed394784373f41e4f3 -> 02edbab1f30224e4ccc4d70eae7dc5c06e742c1e0d79a375125ef9200592932ba7 -> 039edc94987c8f3adc28dab455efc00dea876089a120f573bd0b03c40d9d3fb1e1 -> 03627ebe50fc6eb80b0caab0c3714958c701eda735e3c29588e83150d6d4a93976 -> 024465103d65bf86c5799b7178ef55d6f189b8d13f3c4cfb6a7a96ef2ee46b8427 -> 027c5166b40423795c0fc41fc18c944dd95e070582f514450215ed1dc1d98c0afd
02252586c4c9df3c3f27b237f71ada602f57b5aae482fa75006bf00b2fadf31db1,02e97dcba2c5d35fe1243eb2ee9327cbaceda327eedf3fa8dee7a7605c9198cad8,LND,2,23.142000,76.000000,02252586c4c9df3c3f27b237f71ada602f57b5aae482fa75006bf00b2fadf31db1 -> 02b0172bb38617fa3afdb69664468b492d5a21062a4fa8b47284b0cc320e6e7420 -> 02e97dcba2c5d35fe1243eb2ee9327cbaceda327eedf3fa8dee7a7605c9198cad8
02252586c4c9df3c3f27b237f71ada602f57b5aae482fa75006bf00b2fadf31db1,02e97dcba2c5d35fe1243eb2ee9327cbaceda327eedf3fa8dee7a7605c9198cad8,Eclair,2,23.142000,76.000000,02252586c4c9df3c3f27b237f71ada602f57b5aae482fa75006bf00b2fadf31db1 -> 02b0172bb38617fa3afdb69664468b492d5a21062a4fa8b47284b0cc320e6e7420 -> 02e97dcba2c5d35fe1243eb2ee9327cbaceda327eedf3fa8dee7a7605c9198cad8
02252586c4c9df3c3f27b237f71ada602f57b5aae482fa75006bf00b2fadf31db1,02e97dcba2c5d35fe1243eb2ee9327cbaceda327eedf3fa8dee7a7605c9198cad8,Combined,2,23.142000,76.000000,02252586c4c9df3c3f27b237f71ada602f57b5aae482fa75006bf00b2fadf31db1 -> 02b0172bb38617fa3afdb69664468b492d5a21062a4fa8b47284b0cc320e6e7420 -> 02e97dcba2c5d35fe1243eb2ee9327cbaceda327eedf3fa8dee7a7605c9198cad8
0377f4de9bb4a46f5acd9a26e3135df90c61c79b9341d6d4e2ca36fd0e468ccd16,037807983e97158ebb671df6c537ccb123dd8ef61bd4fd9f936d343c81300d6eb0,LND,6,39.848818,234.000000,0377f4de9bb4a46f5acd9a26e3135df90c61c79b9341d6d4e2ca36fd0e468ccd16 -> 025f1456582e70c4c06b61d5c8ed3ce229e6d0db538be337a2dc6d163b0ebc05a5 -> 0286f3de56f3cd0d47698e92a6cc05c7507cd25c5c0617e444cb569e27c2275d49 -> 0242a4ae0c5bef18048fbecf995094b74bfb0f7391418d71ed394784373f41e4f3 -> 031bea0d812673900bb9249eab6dd98aebadd750e22f4f750142e05b0a113aebf0 -> 02a1d2856be336a58af08989aea0d8c41e072ccc392c46f8ce0e6e069f002035f3 -> 037807983e97158ebb671df6c537ccb123dd8ef61bd4fd9f936d343c81300d6eb0
0377f4de9bb4a46f5acd9a26e3135df90c61c79b9341d6d4e2ca36fd0e468ccd16,037807983e97158ebb671df6c537ccb123dd8ef61bd4fd9f936d343c81300d6eb0,Eclair,6,39.848818,234.000000,0377f4de9bb4a46f5acd9a26e3135df90c61c79b9341d6d4e2ca36fd0e468ccd16 -> 025f1456582e70c4c06b61d5c8ed3ce229e6d0db538be337a2dc6d163b0ebc05a5 -> 0286f3de56f3cd0d47698e92a6cc05c7507cd25c5c0617e444cb569e27c2275d49 -> 0242a4ae0c5bef18048fbecf995094b74bfb0f7391418d71ed394784373f41e4f3 -> 031bea0d812673900bb9249eab6dd98aebadd750e22f4f750142e05b0a113aebf0 -> 02a1d2856be336a58af08989aea0d8c41e072ccc392c46f8ce0e6e069f002035f3 -> 037807983e97158ebb671df6c537ccb123dd8ef61bd4fd9f936d343c81300d6eb0
0377f4de9bb4a46f5acd9a26e3135df90c61c79b9341d6d4e2ca36fd0e468ccd16,037807983e97158ebb671df6c537ccb123dd8ef61bd4fd9f936d343c81300d6eb0,Combined,6,39.848818,234.000000,0377f4de9bb4a46f5acd9a26e3135df90c61c79b9341d6d4e2ca36fd0e468ccd16 -> 025f1456582e70c4c06b61d5c8ed3ce229e6d0db538be337a2dc6d163b0ebc05a5 -> 0286f3de56f3cd0d47698e92a6cc05c7507cd25c5c0617e444cb569e27c2275d49 -> 0242a4ae0c5bef18048fbecf995094b74bfb0f7391418d71ed394784373f41e4f3 -> 031bea0d812673900bb9249eab6dd98aebadd750e22f4f750142e05b0a113aebf0 -> 02a1d2856be336a58af08989aea0d8c41e072ccc392c46f8ce0e6e069f002035f3 -> 037807983e97158ebb671df6c537ccb123dd8ef61bd4fd9f936d343c81300d6eb0
020e8b85b07794c1150051601b043e074888bd873fa3c9c356c21c296d10f73545,03151c3e5d350d14b4c9e0a1faab06a9549f962fc6e1b45753bd1da3765aa8d42f,LND,7,9.794133,280.000000,020e8b85b07794c1150051601b043e074888bd873fa3c9c356c21c296d10f73545 -> 03dc8f04a944b498caca1bd666d09184d5a180a50818316ea447508a5940800b40 -> 03c820079c625f2e66504d9a12bc69f7228eba177d7e0f12e958626e6c8e3fdd40 -> 026db2cbf3d8ab4a4c01eed2df432d20cf0a13136402097574209d2595cb9e9d93 -> 0326e2067d2a24b738a419f8dcfdc5956d7a399e3566f0ad52923343bff57d7759 -> 02ee6c2cd1a8abf7eec1fc55f8fa41d307e216c9738ae743ba72f86007d9c6a179 -> 0372bd00e7c43efd583623d8fa688141b91e00d0ad65b29b630bf7188804da50aa -> 03151c3e5d350d14b4c9e0a1faab06a9549f962fc6e1b45753bd1da3765aa8d42f
020e8b85b07794c1150051601b043e074888bd873fa3c9c356c21c296d10f73545,03151c3e5d350d14b4c9e0a1faab06a9549f962fc6e1b45753bd1da3765aa8d42f,Eclair,7,9.794133,280.000000,020e8b85b07794c1150051601b043e074888bd873fa3c9c356c21c296d10f73545 -> 03dc8f04a944b498caca1bd666d09184d5a180a50818316ea447508a5940800b40 -> 03c820079c625f2e66504d9a12bc69f7228eba177d7e0f12e958626e6c8e3fdd40 -> 026db2cbf3d8ab4a4c01eed2df432d20cf0a13136402097574209d2595cb9e9d93 -> 0326e2067d2a24b738a419f8dcfdc5956d7a399e3566f0ad52923343bff57d7759 -> 02ee6c2cd1a8abf7eec1fc55f8fa41d307e216c9738ae743ba72f86007d9c6a179 -> 0372bd00e7c43efd583623d8fa688141b91e00d0ad65b29b630bf7188804da50aa -> 03151c3e5d350d14b4c9e0a1faab06a9549f962fc6e1b45753bd1da3765aa8d42f
020e8b85b07794c1150051601b043e074888bd873fa3c9c356c21c296d10f73545,03151c3e5d350d14b4c9e0a1faab06a9549f962fc6e1b45753bd1da3765aa8d42f,Combined,7,9.794133,280.000000,020e8b85b07794c1150051601b043e074888bd873fa3c9c356c21c296d10f73545 -> 03dc8f04a944b498caca1bd666d09184d5a180a50818316ea447508a5940800b40 -> 03c820079c625f2e66504d9a12bc69f7228eba177d7e0f12e958626e6c8e3fdd40 -> 026db2cbf3d8ab4a4c01eed2df432d20cf0a13136402097574209d2595cb9e9d93 -> 0326e2067d2a24b738a419f8dcfdc5956d7a399e3566f0ad52923343bff57d7759 -> 02ee6c2cd1a8abf7eec1fc55f8fa41d307e216c9738ae743ba72f86007d9c6a179 -> 0372bd00e7c43efd583623d8fa688141b91e00d0ad65b29b630bf7188804da50aa -> 03151c3e5d350d14b4c9e0a1faab06a9549f962fc6e1b45753bd1da3765aa8d42f
03a898b7cca3265ae4ca28b7025e170cbc1e7f97bdc4480fa28d2a855c88c85985,02aaaa04fc00f3759ba0475c653b159b9c202c1af2218414b38d6211f317155511,LND,4,13.338398,160.000000,03a898b7cca3265ae4ca28b7025e170cbc1e7f97bdc4480fa28d2a855c88c85985 -> 0217890e3aad8d35bc054f43acc00084b25229ecff0ab68debd82883ad65ee8266 -> 02d150bbf82ead78b66804d5201b9ed2b9ee6fc4a5af4483c3ab452918ef0d7b75 -> 035e4ff418fc8b5554c5d9eea66396c227bd429a3251c8cbc711002ba215bfc226 -> 02aaaa04fc00f3759ba0475c653b159b9c202c1af2218414b38d6211f317155511
03a898b7cca3265ae4ca28b7025e170cbc1e7f97bdc4480fa28d2a855c88c85985,02aaaa04fc00f3759ba0475c653b159b9c202c1af2218414b38d6211f317155511,Eclair,4,13.338398,160.000000,03a898b7cca3265ae4ca28b7025e170cbc1e7f97bdc4480fa28d2a855c88c85985 -> 0217890e3aad8d35bc054f43acc00084b25229ecff0ab68debd82883ad65ee8266 -> 02d150bbf82ead78b66804d5201b9ed2b9ee6fc4a5af4483c3ab452918ef0d7b75 -> 035e4ff418fc8b5554c5d9eea66396c227bd429a3251c8cbc711002ba215bfc226 -> 02aaaa04fc00f3759ba0475c653b159b9c202c1af2218414b38d6211f317155511
03a898b7cca3265ae4ca28b7025e170cbc1e7f97bdc4480fa28d2a855c88c85985,02aaaa04fc00f3759ba0475c653b159b9c202c1af2218414b38d6211f317155511,Combined,4,13.338398,160.000000,03a898b7cca3265ae4ca28b7025e170cbc1e7f97bdc4480fa28d2a855c88c85985 -> 0217890e3aad8d35bc054f43acc00084b25229ecff0ab68debd82883ad65ee8266 -> 02d150bbf82ead78b66804d5201b9ed2b9ee6fc4a5af4483c3ab452918ef0d7b75 -> 035e4ff418fc8b5554c5d9eea66396c227bd429a3251c8cbc711002ba215bfc226 -> 02aaaa04fc00f3759ba0475c653b159b9c202c1af2218414b38d6211f317155511
037c7a83b868a8d88ff1ff6ba6b97a98e4aeaa27d47768012d82218c4f6f2d9293,03e478c9db9977928581758456eaa65c2ddbee1eb6184010dbc30fbaaae361ed6b,LND,6,128.170000,344.000000,037c7a83b868a8d88ff1ff6ba6b97a98e4aeaa27d47768012d82218c4f6f2d9293 -> 03886b18969fd197358b66b6ab9bac2d5e32bb4e5157925bc0292acb3893a47237 -> 027faad6351fe3fffbe1c3bf6343aad3c467fcf271ec06deec546885f128c42bc8 -> 02004c625d622245606a1ea2c1c69cfb4516b703b47945a3647713c05fe4aaeb1c -> 03120004256bed6a75fe202ce9c16d18486eadcc09f3f5c4268671fdd01edd1b68 -> 02a04446caa81636d60d63b066f2814cbd3a6b5c258e3172cbdded7a16e2cfff4c -> 03e478c9db9977928581758456eaa65c2ddbee1eb6184010dbc30fbaaae361ed6b
037c7a83b868a8d88ff1ff6ba6b97a98e4aeaa27d47768012d82218c4f6f2d9293,03e478c9db9977928581758456eaa65c2ddbee1eb6184010dbc30fbaaae361ed6b,Eclair,6,128.170000,344.000000,037c7a83b868a8d88ff1ff6ba6b97a98e4aeaa27d47768012d82218c4f6f2d9293 -> 03886b18969fd197358b66b6ab9bac2d5e32bb4e5157925bc0292acb3893a47237 -> 027faad6351fe3fffbe1c3bf6343aad3c467fcf271ec06deec546885f128c42bc8 -> 02004c625d622245606a1ea2c1c69cfb4516b703b47945a3647713c05fe4aaeb1c -> 03120004256bed6a75fe202ce9c16d18486eadcc09f3f5c4268671fdd01edd1b68 -> 02a04446caa81636d60d63b066f2814cbd3a6b5c258e3172cbdded7a16e2cfff4c -> 03e478c9db9977928581758456eaa65c2ddbee1eb6184010dbc30fbaaae361ed6b
037c7a83b868a8d88ff1ff6ba6b97a98e4aeaa27d47768012d82218c4f6f2d9293,03e478c9db9977928581758456eaa65c2ddbee1eb6184010dbc30fbaaae361ed6b,Combined,6,128.170000,344.000000,037c7a83b868a8d88ff1ff6ba6b97a98e4aeaa27d47768012d82218c4f6f2d9293 -> 03886b18969fd197358b66b6ab9bac2d5e32bb4e5157925bc0292acb3893a47237 -> 027faad6351fe3fffbe1c3bf6343aad3c467fcf271ec06deec546885f128c42bc8 -> 02004c625d622245606a1ea2c1c69cfb4516b703b47945a3647713c05fe4aaeb1c -> 03120004256bed6a75fe202ce9c16d18486eadcc09f3f5c4268671fdd01edd1b68 -> 02a04446caa81636d60d63b066f2814cbd3a6b5c258e3172cbdded7a16e2cfff4c -> 03e478c9db9977928581758456eaa65c2ddbee1eb6184010dbc30fbaaae361ed6b
02c7055d45903f20bfcb63d52a01b49dd826ade437c5966308fe4256dde7e7ca27,02fdb8963c464cc9b3845fbd85aa5511f933aef264ccfe1a603c21ba1705748ed9,LND,7,65.610000,280.000000,02c7055d45903f20bfcb63d52a01b49dd826ade437c5966308fe4256dde7e7ca27 -> 0220df632669ab1d70caa73eaa9d05edee1fcf27419163e0e78d259e4c8e8e9337 -> 03c8dfbf829eaeb0b6dab099d87fdf7f8faceb0c1b935cd243e8c1fb5af71361cf -> 0278fd09993d66638de9bd14caed5c3ac5fae9cf7e1f00ba4e925ff94acbd19411 -> 0242a4ae0c5bef18048fbecf995094b74bfb0f7391418d71ed394784373f41e4f3 -> 03640b3403b120a5fb94e175d3942256522268f1059952f1a1969614905e2dc169 -> 026db2cbf3d8ab4a4c01eed2df432d20cf0a13136402097574209d2595cb9e9d93 -> 02fdb8963c464cc9b3845fbd85aa5511f933aef264ccfe1a603c21ba1705748ed9
02c7055d45903f20bfcb63d52a01b49dd826ade437c5966308fe4256dde7e7ca27,02fdb8963c464cc9b3845fbd85aa5511f933aef264ccfe1a603c21ba1705748ed9,Eclair,7,65.610000,280.000000,02c7055d45903f20bfcb63d52a01b49dd826ade437c5966308fe4256dde7e7ca27 -> 0220df632669ab1d70caa73eaa9d05edee1fcf27419163e0e78d259e4c8e8e9337 -> 03c8dfbf829eaeb0b6dab099d87fdf7f8faceb0c1b935cd243e8c1fb5af71361cf -> 0278fd09993d66638de9bd14caed5c3ac5fae9cf7e1f00ba4e925ff94acbd19411 -> 0242a4ae0c5bef18048fbecf995094b74bfb0f7391418d71ed394784373f41e4f3 -> 03640b3403b120a5fb94e175d3942256522268f1059952f1a1969614905e2dc169 -> 026db2cbf3d8ab4a4c01eed2df432d20cf0a13136402097574209d2595cb9e9d93 -> 02fdb8963c464cc9b3845fbd85aa5511f933aef264ccfe1a603c21ba1705748ed9
02c7055d45903f20bfcb63d52a01b49dd826ade437c5966308fe4256dde7e7ca27,02fdb8963c464cc9b3845fbd85aa5511f933aef264ccfe1a603c21ba1705748ed9,Combined,7,65.610000,280.000000,02c7055d45903f20bfcb63d52a01b49dd826ade437c5966308fe4256dde7e7ca27 -> 0220df632669ab1d70caa73eaa9d05edee1fcf27419163e0e78d259e4c8e8e9337 -> 03c8dfbf829eaeb0b6dab099d87fdf7f8faceb0c1b935cd243e8c1fb5af71361cf -> 0278fd09993d66638de9bd14caed5c3ac5fae9cf7e1f00ba4e925ff94acbd19411 -> 0242a4ae0c5bef18048fbecf995094b74bfb0f7391418d71ed394784373f41e4f3 -> 03640b3403b120a5fb94e175d3942256522268f1059952f1a1969614905e2dc169 -> 026db2cbf3d8ab4a4c01eed2df432d20cf0a13136402097574209d2595cb9e9d93 -> 02fdb8963c464cc9b3845fbd85aa5511f933aef264ccfe1a603c21ba1705748ed9
037d1aad2b64bff8d0bda9ee6c9b5de9f5e84961e1ebb6e6868403e1c3ce146b92,0388445479e35791dfd383c2697dfc6928894b90e700aa6ad3c995cb0c08d87853,LND,7,9.520000,280.000000,037d1aad2b64bff8d0bda9ee6c9b5de9f5e84961e1ebb6e6868403e1c3ce146b92 -> 037659a0ac8eb3b8d0a720114efc861d3a940382dcfa1403746b4f8f6b2e8810ba -> 038187b456d57e98fcdc7f508695b3e52e30bddc29aea0e60779a745b9983fabe4 -> 026db2cbf3d8ab4a4c01eed2df432d20cf0a13136402097574209d2595cb9e9d93 -> 02eebab81579456c799bbcc62fce953ca4c3baff91117569427909cb854e25899b -> 03a09f56bba3d2c200cc55eda2f1f069564a97c1fb74345e1560e2868a8ab3d7d0 -> 03f813a3ed2b6b99f1148a45a786b223394baa0a17909bf8de3664622da1ec1128 -> 0388445479e35791dfd383c2697dfc6928894b90e700aa6ad3c995cb0c08d87853
037d1aad2b64bff8d0bda9ee6c9b5de9f5e84961e1ebb6e6868403e1c3ce146b92,0388445479e35791dfd383c2697dfc6928894b90e700aa6ad3c995cb0c08d87853,Eclair,7,9.520000,280.000000,037d1aad2b64bff8d0bda9ee6c9b5de9f5e84961e1ebb6e6868403e1c3ce146b92 -> 037659a0ac8eb3b8d0a720114efc861d3a940382dcfa1403746b4f8f6b2e8810ba -> 038187b456d57e98fcdc7f508695b3e52e30bddc29aea0e60779a745b9983fabe4 -> 026db2cbf3d8ab4a4c01eed2df432d20cf0a13136402097574209d2595cb9e9d93 -> 02eebab81579456c799bbcc62fce953ca4c3baff91117569427909cb854e25899b -> 03a09f56bba3d2c200cc55eda2f1f069564a97c1fb74345e1560e2868a8ab3d7d0 -> 03f813a3ed2b6b99f1148a45a786b223394baa0a17909bf8de3664622da1ec1128 -> 0388445479e35791dfd383c2697dfc6928894b90e700aa6ad3c995cb0c08d87853
037d1aad2b64bff8d0bda9ee6c9b5de9f5e84961e1ebb6e6868403e1c3ce146b92,0388445479e35791dfd383c2697dfc6928894b90e700aa6ad3c995cb0c08d87853,Combined,7,9.520000,280.000000,037d1aad2b64bff8d0bda9ee6c9b5de9f5e84961e1ebb6e6868403e1c3ce146b92 -> 037659a0ac8eb3b8d0a720114efc861d3a940382dcfa1403746b4f8f6b2e8810ba -> 038187b456d57e98fcdc7f508695b3e52e30bddc29aea0e60779a745b9983fabe4 -> 026db2cbf3d8ab4a4c01eed2df432d20cf0a13136402097574209d2595cb9e9d93 -> 02eebab81579456c799bbcc62fce953ca4c3baff91117569427909cb854e25899b -> 03a09f56bba3d2c200cc55eda2f1f069564a97c1fb74345e1560e2868a8ab3d7d0 -> 03f813a3ed2b6b99f1148a45a786b223394baa0a17909bf8de3664622da1ec1128 -> 0388445479e35791dfd383c2697dfc6928894b90e700aa6ad3c995cb0c08d87853
03a787e5a3be4c83517f80971dbe01ed36db6370700a5ce6521e70cf9949a30582,02d642122b89ad29dbc9d09cc2669e4fa4d6c0d15d436a80e40e703a1e6fba0710,LND,8,793.219942,528.000000,03a787e5a3be4c83517f80971dbe01ed36db6370700a5ce6521e70cf9949a30582 -> 02e4eb0ae9b0236473008caabfcf6a836f6d5f4c1a9b639d977d2772005880a37a -> 036360986f6673fd63711d6153841ae613e040bd1f7d32d648a1befdfc6ce4a702 -> 02c43a8c5dd024c4d3c5be5612347f87cf90d79e5c2417861908d25f72046354c3 -> 026dcb2fddc6a469cd88ea0f9722c09dbb24712d3c646cd87b3a356fbc59303155 -> 026db2cbf3d8ab4a4c01eed2df432d20cf0a13136402097574209d2595cb9e9d93 -> 028821ab7aaea32c6a9cfaf6aaed3229db850b14afcb954b0d074cdc93c0e757b9 -> 035e4ff418fc8b5554c5d9eea66396c227bd429a3251c8cbc711002ba215bfc226 -> 02d642122b89ad29dbc9d09cc2669e4fa4d6c0d15d436a80e40e703a1e6fba0710
03a787e5a3be4c83517f80971dbe01ed36db6370700a5ce6521e70cf9949a30582,02d642122b89ad29dbc9d09cc2669e4fa4d6c0d15d436a80e40e703a1e6fba0710,Eclair,8,793.219942,528.000000,03a787e5a3be4c83517f80971dbe01ed36db6370700a5ce6521e70cf9949a30582 -> 02e4eb0ae9b0236473008caabfcf6a836f6d5f4c1a9b639d977d2772005880a37a -> 036360986f6673fd63711d6153841ae613e040bd1f7d32d648a1befdfc6ce4a702 -> 02c43a8c5dd024c4d3c5be5612347f87cf90d79e5c2417861908d25f72046354c3 -> 026dcb2fddc6a469cd88ea0f9722c09dbb24712d3c646cd87b3a356fbc59303155 -> 026db2cbf3d8ab4a4c01eed2df432d20cf0a13136402097574209d2595cb9e9d93 -> 028821ab7aaea32c6a9cfaf6aaed3229db850b14afcb954b0d074cdc93c0e757b9 -> 035e4ff418fc8b5554c5d9eea66396c227bd429a3251c8cbc711002ba215bfc226 -> 02d642122b89ad29dbc9d09cc2669e4fa4d6c0d15d436a80e40e703a1e6fba0710
03a787e5a3be4c83517f80971dbe01ed36db6370700a5ce6521e70cf9949a30582,02d642122b89ad29dbc9d09cc2669e4fa4d6c0d15d436a80e40e703a1e6fba0710,Combined,8,793.219942,528.000000,03a787e5a3be4c83517f80971dbe01ed36db6370700a5ce6521e70cf9949a30582 -> 02e4eb0ae9b0236473008caabfcf6a836f6d5f4c1a9b639d977d2772005880a37a -> 036360986f6673fd63711d6153841ae613e040bd1f7d32d648a1befdfc6ce4a702 -> 02c43a8c5dd024c4d3c5be5612347f87cf90d79e5c2417861908d25f72046354c3 -> 026dcb2fddc6a469cd88ea0f9722c09dbb24712d3c646cd87b3a356fbc59303155 -> 026db2cbf3d8ab4a4c01eed2df432d20cf0a13136402097574209d2595cb9e9d93 -> 028821ab7aaea32c6a9cfaf6aaed3229db850b14afcb954b0d074cdc93c0e757b9 -> 035e4ff418fc8b5554c5d9eea66396c227bd429a3251c8cbc711002ba215bfc226 -> 02d642122b89ad29dbc9d09cc2669e4fa4d6c0d15d436a80e40e703a1e6fba0710
028f732adc273f5161ebd4ee9338e1972c28df4361228e0d3eda9bd99df1ce7855,02e0f1bf49971e629ebaa11adacdc9818b4d2730c872bdbd322c18137e6370bce1,LND,6,4.333793,240.000000,028f732adc273f5161ebd4ee9338e1972c28df4361228e0d3eda9bd99df1ce7855 -> 0217890e3aad8d35bc054f43acc00084b25229ecff0ab68debd82883ad65ee8266 -> 0359cf30ecfb7b86c46500909a55db2c57d3bff3ee445777e6acdae5791b354291 -> 026db2cbf3d8ab4a4c01eed2df432d20cf0a13136402097574209d2595cb9e9d93 -> 03390feee209ea18e7dc387be04035508e213e4f4e8c36dc53c337f59ef9273a52 -> 0221a5e214c22c3cce37591838f048932eaaea61b5149d87be6ecd67df5c89aa34 -> 02e0f1bf49971e629ebaa11adacdc9818b4d2730c872bdbd322c18137e6370bce1
028f732adc273f5161ebd4ee9338e1972c28df4361228e0d3eda9bd99df1ce7855,02e0f1bf49971e629ebaa11adacdc9818b4d2730c872bdbd322c18137e6370bce1,Eclair,6,4.333793,240.000000,028f732adc273f5161ebd4ee9338e1972c28df4361228e0d3eda9bd99df1ce7855 -> 0217890e3aad8d35bc054f43acc00084b25229ecff0ab68debd82883ad65ee8266 -> 0359cf30ecfb7b86c46500909a55db2c57d3bff3ee445777e6acdae5791b354291 -> 026db2cbf3d8ab4a4c01eed2df432d20cf0a13136402097574209d2595cb9e9d93 -> 03390feee209ea18e7dc387be04035508e213e4f4e8c36dc53c337f59ef9273a52 -> 0221a5e214c22c3cce37591838f048932eaaea61b5149d87be6ecd67df5c89aa34 -> 02e0f1bf49971e629ebaa11adacdc9818b4d2730c872bdbd322c18137e6370bce1
028f732adc273f5161ebd4ee9338e1972c28df4361228e0d3eda9bd99df1ce7855,02e0f1bf49971e629ebaa11adacdc9818b4d2730c872bdbd322c18137e6370bce1,Combined,6,4.333793,240.000000,028f732adc273f5161ebd4ee9338e1972c28df4361228e0d3eda9bd99df1ce7855 -> 0217890e3aad8d35bc054f43acc00084b25229ecff0ab68debd82883ad65ee8266 -> 0359cf30ecfb7b86c46500909a55db2c57d3bff3ee445777e6acdae5791b354291 -> 026db2cbf3d8ab4a4c01eed2df432d20cf0a13136402097574209d2595cb9e9d93 -> 03390feee209ea18e7dc387be04035508e213e4f4e8c36dc53c337f59ef9273a52 -> 0221a5e214c22c3cce37591838f048932eaaea61b5149d87be6ecd67df5c89aa34 -> 02e0f1bf49971e629ebaa11adacdc9818b4d2730c872bdbd322c18137e6370bce1
0384aabc20947f7d100c1fe06b416eb3a0a01cd76d0fea97cceffdab55330e5e82,02979cd2071c306e766ea55fb359a9020f9d47ba2c5d03d6bace71866c0acac0d9,LND,7,26.997740,280.000000,0384aabc20947f7d100c1fe06b416eb3a0a01cd76d0fea97cceffdab55330e5e82 -> 03927834e3fd947359519343f6943294200a2b5b1030eec6ff26c954ebf46ecb76 -> 030995c0c0217d763c2274aa6ed69a0bb85fa2f7d118f93631550f3b6219a577f5 -> 031bea0d812673900bb9249eab6dd98aebadd750e22f4f750142e05b0a113aebf0 -> 02bdafc0a837a5151c67bc587b5327d19a8df192488d0d01a5732a4fcf589c8a17 -> 02cf7712c7dfe3576c9b96b5a9b01be67d5a453176949879cecfdcee8b7eb816e5 -> 0366401bf255adc2c865009cec4c0627c48d8e648733538aef654615d1e8ac3944 -> 02979cd2071c306e766ea55fb359a9020f9d47ba2c5d03d6bace71866c0acac0d9
0384aabc20947f7d100c1fe06b416eb3a0a01cd76d0fea97cceffdab55330e5e82,02979cd2071c306e766ea55fb359a9020f9d47ba2c5d03d6bace71866c0acac0d9,Eclair,7,26.997740,280.000000,0384aabc20947f7d100c1fe06b416eb3a0a01cd76d0fea97cceffdab55330e5e82 -> 03927834e3fd947359519343f6943294200a2b5b1030eec6ff26c954ebf46ecb76 -> 030995c0c0217d763c2274aa6ed69a0bb85fa2f7d118f93631550f3b6219a577f5 -> 031bea0d812673900bb9249eab6dd98aebadd750e22f4f750142e05b0a113aebf0 -> 02bdafc0a837a5151c67bc587b5327d19a8df192488d0d01a5732a4fcf589c8a17 -> 02cf7712c7dfe3576c9b96b5a9b01be67d5a453176949879cecfdcee8b7eb816e5 -> 0366401bf255adc2c865009cec4c0627c48d8e648733538aef654615d1e8ac3944 -> 02979cd2071c306e766ea55fb359a9020f9d47ba2c5d03d6bace71866c0acac0d9
0384aabc20947f7d100c1fe06b416eb3a0a01cd76d0fea97cceffdab55330e5e82,02979cd2071c306e766ea55fb359a9020f9d47ba2c5d03d6bace71866c0acac0d9,Combined,7,26.997740,280.000000,0384aabc20947f7d100c1fe06b416eb3a0a01cd76d0fea97cceffdab55330e5e82 -> 03927834e3fd947359519343f6943294200a2b5b1030eec6ff26c954ebf46ecb76 -> 030995c0c0217d763c2274aa6ed69a0bb85fa2f7d118f93631550f3b6219a577f5 -> 031bea0d812673900bb9249eab6dd98aebadd750e22f4f750142e05b0a113aebf0 -> 02bdafc0a837a5151c67bc587b5327d19a8df192488d0d01a5732a4fcf589c8a17 -> 02cf7712c7dfe3576c9b96b5a9b01be67d5a453176949879cecfdcee8b7eb816e5 -> 0366401bf255adc2c865009cec4c0627c48d8e648733538aef654615d1e8ac3944 -> 02979cd2071c306e766ea55fb359a9020f9d47ba2c5d03d6bace71866c0acac0d9
03f413a65aecb74d307bdeaac5fae58c405b59d3bd7b98b65bc119e01b3b1fe364,034192ed6823b8a9b477ee27d021c80e8e84fe8332c0dfd295f5140e08dab30c36,LND,8,296.100000,424.000000,03f413a65aecb74d307bdeaac5fae58c405b59d3bd7b98b65bc119e01b3b1fe364 -> 0381de1709efbda38f9afd2d47399caa19a2630c0c795acd24755efa442685fc7d -> 02226715635be023048e9a84765e2455697d4f5476c427a46a50ae0ccccf2df7d3 -> 0217890e3aad8d35bc054f43acc00084b25229ecff0ab68debd82883ad65ee8266 -> 0359cf30ecfb7b86c46500909a55db2c57d3bff3ee445777e6acdae5791b354291 -> 026db2cbf3d8ab4a4c01eed2df432d20cf0a13136402097574209d2595cb9e9d93 -> 026dcb2fddc6a469cd88ea0f9722c09dbb24712d3c646cd87b3a356fbc59303155 -> 02c43a8c5dd024c4d3c5be5612347f87cf90d79e5c2417861908d25f72046354c3 -> 034192ed6823b8a9b477ee27d021c80e8e84fe8332c0dfd295f5140e08dab30c36
03f413a65aecb74d307bdeaac5fae58c405b59d3bd7b98b65bc119e01b3b1fe364,034192ed6823b8a9b477ee27d021c80e8e84fe8332c0dfd295f5140e08dab30c36,Eclair,8,296.100000,424.000000,03f413a65aecb74d307bdeaac5fae58c405b59d3bd7b98b65bc119e01b3b1fe364 -> 0381de1709efbda38f9afd2d47399caa19a2630c0c795acd24755efa442685fc7d -> 02226715635be023048e9a84765e2455697d4f5476c427a46a50ae0ccccf2df7d3 -> 0217890e3aad8d35bc054f43acc00084b25229ecff0ab68debd82883ad65ee8266 -> 0359cf30ecfb7b86c46500909a55db2c57d3bff3ee445777e6acdae5791b354291 -> 026db2cbf3d8ab4a4c01eed2df432d20cf0a13136402097574209d2595cb9e9d93 -> 026dcb2fddc6a469cd88ea0f9722c09dbb24712d3c646cd87b3a356fbc59303155 -> 02c43a8c5dd024c4d3c5be5612347f87cf90d79e5c2417861908d25f72046354c3 -> 034192ed6823b8a9b477ee27d021c80e8e84fe8332c0dfd295f5140e08dab30c36
03f413a65aecb74d307bdeaac5fae58c405b59d3bd7b98b65bc119e01b3b1fe364,034192ed6823b8a9b477ee27d021c80e8e84fe8332c0dfd295f5140e08dab30c36,Combined,8,296.100000,424.000000,03f413a65aecb74d307bdeaac5fae58c405b59d3bd7b98b65bc119e01b3b1fe364 -> 0381de1709efbda38f9afd2d47399caa19a2630c0c795acd24755efa442685fc7d -> 02226715635be023048e9a84765e2455697d4f5476c427a46a50ae0ccccf2df7d3 -> 0217890e3aad8d35bc054f43acc00084b25229ecff0ab68debd82883ad65ee8266 -> 0359cf30ecfb7b86c46500909a55db2c57d3bff3ee445777e6acdae5791b354291 -> 026db2cbf3d8ab4a4c01eed2df432d20cf0a13136402097574209d2595cb9e9d93 -> 026dcb2fddc6a469cd88ea0f9722c09dbb24712d3c646cd87b3a356fbc59303155 -> 02c43a8c5dd024c4d3c5be5612347f87cf90d79e5c2417861908d25f72046354c3 -> 034192ed6823b8a9b477ee27d021c80e8e84fe8332c0dfd295f5140e08dab30c36
03cb10b303c9032fb3960c0d438f7ec0f553afdd7a2aeca497ebfe9879035419f1,03adf1753bd75845954e42ee00156868cb186e8e7361f1f61bb02f61fcf0dcbb32,LND,6,35.635000,448.000000,03cb10b303c9032fb3960c0d438f7ec0f553afdd7a2aeca497ebfe9879035419f1 -> 033fa59458e70bb5ba647b4a575ba5bdfda162ed0be75bb524df7f8bd25e3e50de -> 020bfad53c478281289d6e18098d963c1b2e79b8353a687d30a71477724c216fcf -> 0242a4ae0c5bef18048fbecf995094b74bfb0f7391418d71ed394784373f41e4f3 -> 03031ca488497f11e36a1a81409f7d4fdffcff7e0226e3bd35c2f1774bcf060333 -> 03886b18969fd197358b66b6ab9bac2d5e32bb4e5157925bc0292acb3893a47237 -> 03adf1753bd75845954e42ee00156868cb186e8e7361f1f61bb02f61fcf0dcbb32
03cb10b303c9032fb3960c0d438f7ec0f553afdd7a2aeca497ebfe9879035419f1,03adf1753bd75845954e42ee00156868cb186e8e7361f1f61bb02f61fcf0dcbb32,Eclair,6,35.635000,448.000000,03cb10b303c9032fb3960c0d438f7ec0f553afdd7a2aeca497ebfe9879035419f1 -> 033fa59458e70bb5ba647b4a575ba5bdfda162ed0be75bb524df7f8bd25e3e50de -> 020bfad53c478281289d6e18098d963c1b2e79b8353a687d30a71477724c216fcf -> 0242a4ae0c5bef18048fbecf995094b74bfb0f7391418d71ed394784373f41e4f3 -> 03031ca488497f11e36a1a81409f7d4fdffcff7e0226e3bd35c2f1774bcf060333 -> 03886b18969fd197358b66b6ab9bac2d5e32bb4e5157925bc0292acb3893a47237 -> 03adf1753bd75845954e42ee00156868cb186e8e7361f1f61bb02f61fcf0dcbb32
03cb10b303c9032fb3960c0d438f7ec0f553afdd7a2aeca497ebfe9879035419f1,03adf1753bd75845954e42ee00156868cb186e8e7361f1f61bb02f61fcf0dcbb32,Combined,6,35.635000,448.000000,03cb10b303c9032fb3960c0d438f7ec0f553afdd7a2aeca497ebfe9879035419f1 -> 033fa59458e70bb5ba647b4a575ba5bdfda162ed0be75bb524df7f8bd25e3e50de -> 020bfad53c478281289d6e18098d963c1b2e79b8353a687d30a71477724c216fcf -> 0242a4ae0c5bef18048fbecf995094b74bfb0f7391418d71ed394784373f41e4f3 -> 03031ca488497f11e36a1a81409f7d4fdffcff7e0226e3bd35c2f1774bcf060333 -> 03886b18969fd197358b66b6ab9bac2d5e32bb4e5157925bc0292acb3893a47237 -> 03adf1753bd75845954e42ee00156868cb186e8e7361f1f61bb02f61fcf0dcbb32
03c91650dafc58f35cb862c3e5b67d281b42b2b0f2c36251c017c9aae0821c841b,03e35ee975656cc8ad8ea70915cf93fcca2b3ccd23709863fd00bca51b4a4c86ac,LND,6,134.502000,344.000000,03c91650dafc58f35cb862c3e5b67d281b42b2b0f2c36251c017c9aae0821c841b -> 03c32643b6d52745d106178c020468a8dbe6297b2f2a55e30fcf14f223a2c2cbe2 -> 026db2cbf3d8ab4a4c01eed2df432d20cf0a13136402097574209d2595cb9e9d93 -> 02affeb88d46fd887b08570f9aa40d562e7aa3bbaabb74a16aaea1350e0aab6921 -> 03c436af41160a355fc1ed230a64f6a64bcbd2ae50f12171d1318f9782602be601 -> 02f44b34a2afb094202a8e184c04c1cf75d8809d77a33ffed68eb3645527057d22 -> 03e35ee975656cc8ad8ea70915cf93fcca2b3ccd23709863fd00bca51b4a4c86ac
03c91650dafc58f35cb862c3e5b67d281b42b2b0f2c36251c017c9aae0821c841b,03e35ee975656cc8ad8ea70915cf93fcca2b3ccd23709863fd00bca51b4a4c86ac,Eclair,6,134.502000,344.000000,03c91650dafc58f35cb862c3e5b67d281b42b2b0f2c36251c017c9aae0821c841b -> 03c32643b6d52745d106178c020468a8dbe6297b2f2a55e30fcf14f223a2c2cbe2 -> 026db2cbf3d8ab4a4c01eed2df432d20cf0a13136402097574209d2595cb9e9d93 -> 02affeb88d46fd887b08570f9aa40d562e7aa3bbaabb74a16aaea1350e0aab6921 -> 03c436af41160a355fc1ed230a64f6a64bcbd2ae50f12171d1318f9782602be601 -> 02f44b34a2afb094202a8e184c04c1cf75d8809d77a33ffed68eb3645527057d22 -> 03e35ee975656cc8ad8ea70915cf93fcca2b3ccd23709863fd00bca51b4a4c86ac
03c91650dafc58f35cb862c3e5b67d281b42b2b0f2c36251c017c9aae0821c841b,03e35ee975656cc8ad8ea70915cf93fcca2b3ccd23709863fd00bca51b4a4c86ac,Combined,6,134.502000,344.000000,03c91650dafc58f35cb862c3e5b67d281b42b2b0f2c36251c017c9aae0821c841b -> 03c32643b6d52745d106178c020468a8dbe6297b2f2a55e30fcf14f223a2c2cbe2 -> 026db2cbf3d8ab4a4c01eed2df432d20cf0a13136402097574209d2595cb9e9d93 -> 02affeb88d46fd887b08570f9aa40d562e7aa3bbaabb74a16aaea1350e0aab6921 -> 03c436af41160a355fc1ed230a64f6a64bcbd2ae50f12171d1318f9782602be601 -> 02f44b34a2afb094202a8e184c04c1cf75d8809d77a33ffed68eb3645527057d22 -> 03e35ee975656cc8ad8ea70915cf93fcca2b3ccd23709863fd00bca51b4a4c86ac
